Model,Precision@10,Recall@10,NDCG@10,Hit Rate@10,MAP@10
SVD,0.0036106750392464,0.0209837781266352,0.0119569860314435,0.0345368916797488,0.0074752061996959
Matrix Factorization,0.0029827315541601,0.0186289900575614,0.0096303843398336,0.0298273155416012,0.0054674067429169
Neural CF,0.0031397174254317113,0.012977498691784405,0.007423287390800286,0.03139717425431711,0.003908034520279418
Ensemble,0.0032967032967032967,0.01899529042386185,0.012148989975597433,0.03296703296703297,0.008188702831559974
