Model,Precision@10,Recall@10,NDCG@10,Hit Rate@10,MAP@10,RMSE,MAE
SVD,0.0036106750392464683,0.02098377812663527,0.011956986031443559,0.03453689167974882,0.007475206199695996,1.1853746388386466,0.9684589334100261
Matrix Factorization,0.002982731554160126,0.018628990057561485,0.009630384339833657,0.029827315541601257,0.005467406742916947,1.2802607252593727,1.0414795901009062
